,index,Word,Tag,sentence_id
0,0,D·ª´a,O,0
1,1,l·∫Øm,O,0
2,2,:,O,0
3,3,),O,0
4,4,),O,0
5,6,B·∫•p,O,1
6,7,b√™nh,O,1
7,8,vl,B-T,1
8,9,th·∫ø,O,1
9,11,Ch·∫Øc,O,2
10,12,c≈©ng,O,2
11,13,bi·∫øt,O,2
12,14,ko,O,2
13,15,t·ªìn,O,2
14,16,t·∫°i,O,2
15,17,ƒëc,O,2
16,18,bao,O,2
17,19,l√¢u,O,2
18,20,n·ªØa,O,2
19,21,n√™n,O,2
20,22,c·ªë,O,2
21,23,g·∫Øng,O,2
22,24,v√©t,B-T,2
23,26,Th·∫•y,O,3
24,27,ch√°n,B-T,3
25,28,ad,O,3
26,29,page,O,3
27,30,n√†y,O,3
28,31,ki·∫øn,O,3
29,32,th·ª©c,O,3
30,33,th√¨,O,3
31,34,n√¥ng,B-T,3
32,35,c·∫£n,I-T,3
33,36,c√°i,O,3
34,37,g√¨,O,3
35,38,c≈©ng,O,3
36,39,auto,O,3
37,40,s·ªßa,B-T,3
38,41,",",O,3
39,42,c√°i,O,3
40,43,nh√¨n,O,3
41,44,th√¨,O,3
42,45,ti√™u,B-T,3
43,46,c·ª±c,I-T,3
44,47,",",O,3
45,48,n√≥i,O,3
46,49,chung,O,3
47,50,l√†,O,3
48,51,d·ªët,B-T,3
49,52,c√≤n,O,3
50,53,n√°t,B-T,3
51,55,Giang,O,4
52,56,Giang,O,4
53,57,ƒê·ªó,O,4
54,58,Th·ªã,O,4
55,59,Ng·ªçc,O,4
56,60,H√†,O,4
57,61,trend,O,4
58,62,m·ªõi,O,4
59,63,k√¨a,O,4
60,64,k√¨a,O,4
61,66,ƒëcm,B-T,5
62,67,üòí,B-T,5
63,68,sau,O,5
64,69,c√≥,O,5
65,70,con,O,5
66,71,cho,O,5
67,72,h√∫t,B-T,5
68,73,c·ªè,I-T,5
69,74,ch·ªØa,O,5
70,75,b·ªánh,O,5
71,76,ch·ª©,O,5
72,77,ƒë√©o,B-T,5
73,78,ƒë∆∞a,O,5
74,79,ƒëi,O,5
75,80,b·ªánh,O,5
76,81,vi·ªán,O,5
77,82,üòí,B-T,5
78,84,M√°,B-T,6
79,85,n·ª©ng,B-T,6
80,86,qu√°,O,6
81,87,aiu,O,6
82,88,∆°i,O,6
83,90,Ch·ª•p,O,7
84,91,c√°i,O,7
85,92,·∫£nh,O,7
86,93,th√¥i,O,7
87,94,l√†m,O,7
88,95,ƒë√©o,B-T,7
89,96,g√¨,O,7
90,97,ƒë√¢u,O,7
91,98,m√†,O,7
92,99,phi·ªÅn,O,7
93,101,TƒÉng,O,8
94,102,theo,O,8
95,103,gi·ªù,O,8
96,104,üò≠üò≠üò≠,O,8
97,106,C·ª±c,O,9
98,107,k√¨,O,9
99,108,thuy·∫øt,O,9
100,109,ph·ª•c,O,9
101,110,:,O,9
102,111,c,O,9
103,113,Emma,O,10
104,114,Nguyen,O,10
105,115,v·∫≠y,O,10
106,116,m√†,O,10
107,117,ca,O,10
108,118,ng·ª£i,O,10
109,119,b√™n,O,10
110,120,kia,O,10
111,121,l·∫Øm,O,10
112,122,.,O,10
113,123,V·ªÅ,O,10
114,124,l√†m,O,10
115,125,lol,B-T,10
116,126,g√¨,O,10
117,128,Th·∫±ng,B-T,11
118,129,ch√≥,I-T,11
119,131,Lo·∫°i,B-T,12
120,132,nghi·ªán,I-T,12
121,133,game,O,12
122,134,+,O,12
123,135,sƒÉm,B-T,12
124,136,tr·ªï,I-T,12
125,137,k,O,12
126,138,c√≥,O,12
127,139,t∆∞∆°ng,O,12
128,140,lai,O,12
129,141,ƒë√¢u,O,12
130,142,nha,O,12
131,144,Nhung,O,13
132,145,Pham,O,13
133,146,Ai,O,13
134,147,ch√™,O,13
135,148,ngh√®o,O,13
136,149,ngta,O,13
137,150,c√≥,O,13
138,151,ti·ªÅn,O,13
139,152,ƒëi,O,13
140,153,n∆∞·ªõc,O,13
141,154,n√†o,O,13
142,155,k·ªá,O,13
143,156,m·∫π,B-T,13
144,157,ng∆∞·ªùi,O,13
145,158,ta,O,13
146,159,",",O,13
147,160,N√≥,B-T,13
148,161,v·∫´n,O,13
149,162,mang,O,13
150,163,qtich,O,13
151,164,VN,O,13
152,165,th√¨,O,13
153,166,v·ªÅ,O,13
154,167,VN,O,13
155,168,ch·ªØa,O,13
156,169,VN,O,13
157,170,ƒë√£,O,13
158,171,c·∫•m,O,13
159,172,ƒë√¢u,O,13
160,173,m√†,O,13
161,174,l√™n,O,13
162,175,ti·∫øng,O,13
163,176,lm,O,13
164,177,g√¨,O,13
165,178,.,O,13
166,179,√çCH,B-T,13
167,180,K·ª∂,I-T,13
168,182,to√†n,O,14
169,183,tin,O,14
170,184,v·ªõ,O,14
171,185,v·∫©n,O,14
172,186,.,O,14
173,187,khi,O,14
174,188,n√†o,O,14
175,189,vi·ªát,O,14
176,190,nam,O,14
177,191,s√°t,O,14
178,192,nh·∫•p,O,14
179,193,v·ªõi,O,14
180,194,trung,O,14
181,195,qu·ªëc,O,14
182,196,th√¨,O,14
183,197,c·∫£,O,14
184,198,c√°i,O,14
185,199,DNA,O,14
186,200,n√†y,O,14
187,201,x√°ch,O,14
188,202,d√©p,O,14
189,203,cho,O,14
190,204,ch√∫ng,O,14
191,205,ta,O,14
192,206,h·∫øt,O,14
193,207,.,O,14
194,208,h√£y,B-T,14
195,209,tin,I-T,14
196,210,v√†o,I-T,14
197,211,s·ª±,I-T,14
198,212,l√£nh,I-T,14
199,213,ƒë·∫°o,I-T,14
200,214,t√†i,I-T,14
201,215,t√¨nh,I-T,14
202,216,c·ªßa,I-T,14
203,217,ƒë·∫£ng,I-T,14
204,218,v√†,I-T,14
205,219,b·ªô,I-T,14
206,220,m√°y,I-T,14
207,221,nh√†,I-T,14
208,222,n∆∞·ªõc,I-T,14
209,223,.,O,14
210,224,:,O,14
211,225,3,O,14
212,226,:,O,14
213,227,),O,14
214,228,),O,14
215,230,·ª¶a,O,15
216,231,b√™,B-T,15
217,232,ƒë√™,I-T,15
218,233,c√≥,O,15
219,234,lol,B-T,15
220,235,h·∫£,O,15
221,236,ta,O,15
222,237,?,O,15
223,238,üòÇüòÇüòÇ,O,15
224,240,K√©o,O,16
225,241,chu·ªôt,O,16
226,242,v√£i,B-T,16
227,243,l·ªìn,I-T,16
228,244,lu√¥n,O,16
229,245,",",O,16
230,246,n√≥,B-T,16
231,247,y·∫øu,O,16
232,248,l·∫Øm,O,16
233,249,r·ªìi,O,16
234,250,:,O,16
235,251,D,O,16
236,253,M·ªói,O,17
237,254,l·∫ßn,O,17
238,255,l√™n,O,17
239,256,s√≥ng,O,17
240,257,l√†,O,17
241,258,ƒëeo,O,17
242,259,v√†ng,O,17
243,260,l√†m,B-T,17
244,261,nh∆∞,I-T,17
245,262,gi√†u,I-T,17
246,263,l·∫Øm,I-T,17
247,264,hay,I-T,17
248,265,sao,I-T,17
249,266,m√†,I-T,17
250,267,khoe,I-T,17
251,268,c·ªßa,I-T,17
252,269,th·∫•y,I-T,17
253,270,gh√™.c√≤n,I-T,17
254,271,c√°i,B-T,17
255,272,m·∫∑t,I-T,17
256,273,m√¨nh,I-T,17
257,274,nh√¨n,I-T,17
258,275,chung,I-T,17
259,276,ko,I-T,17
260,277,c√≥,I-T,17
261,278,1,I-T,17
262,279,ch·ªó,I-T,17
263,280,n√†o,I-T,17
264,281,thi·ªán,I-T,17
265,282,c·∫£m,I-T,17
266,283,h·∫øt.nh√¨n,I-T,17
267,284,m·∫∑t,O,17
268,285,l√†,O,17
269,286,bi·∫øt,O,17
270,287,c√°i,O,17
271,288,th·ª©,O,17
272,289,ƒë√†n,O,17
273,290,b√†,O,17
274,291,ƒë·ªôc,O,17
275,292,m·ªìm,B-T,17
276,293,ƒë·ªôc,I-T,17
277,294,mi·ªáng.hung,I-T,17
278,295,d·ªØ.n√≥i,I-T,17
279,296,t·ª•c,I-T,17
280,297,ch·ª≠i,I-T,17
281,298,th·ªÅ,I-T,17
282,299,v.v,O,17
283,300,t∆∞·ªüng,O,17
284,301,z,O,17
285,302,l√†,O,17
286,303,hay,O,17
287,304,l·∫Øm,O,17
288,306,L√†m,O,18
289,307,th√™m,O,18
290,308,ch·ª•c,O,18
291,309,c·ªß,O,18
292,310,m·ªü,O,18
293,311,h√≤m,O,18
294,312,csgo,O,18
295,313,anh,O,18
296,314,√™i,O,18
297,315,:,O,18
298,316,V,O,18
299,318,H√£nh,O,19
300,319,di·ªán,O,19
301,320,v·ªÅ,O,19
302,321,ng,O,19
303,322,th·∫ßy,O,19
304,323,c√≥,O,19
305,324,t√¢m,O,19
306,325,nh·∫•t,O,19
307,326,c·ªßa,O,19
308,327,nƒÉm,O,19
309,328,.,O,19
310,330,V√≤ng,O,20
311,331,ti·ªÅn,O,20
312,332,xoay,O,20
313,333,v√≤ng,O,20
314,334,lo,O,20
315,335,nh√¨u,O,20
316,336,m·∫∑t,O,20
317,337,kh√°c,O,20
318,338,c·ªßa,O,20
319,339,x√£,O,20
320,340,h·ªôi,O,20
321,341,ch·ª©,O,20
322,342,ƒë√¢u,O,20
323,343,lo,O,20
324,344,cho,O,20
325,345,m·ªói,O,20
326,346,b·∫°n,O,20
327,347,.,O,20
328,348,Vd,O,20
329,349,ti·ªÅn,O,20
330,350,x√¢y,O,20
331,351,bi·ªát,O,20
332,352,ph·ªß,O,20
333,353,ti·ªÅn,O,20
334,354,cho,O,20
335,355,con,O,20
336,356,ƒëi,O,20
337,357,du,O,20
338,358,h·ªçc,O,20
339,359,.,O,20
340,361,12:55,O,21
341,362,sau,O,21
342,363,bu·ªïi,O,21
343,364,ph·ªèng,O,21
344,365,v·∫•n,O,21
345,366,n√†y,O,21
346,367,t√¥i,O,21
347,368,s·∫Ω,O,21
348,369,m√∫a,O,21
349,370,1,O,21
350,371,b√†i,O,21
351,372,v√µ,O,21
352,373,cho.choX,O,21
353,374,"3,14",O,21
354,375,.,O,21
355,376,d·∫≠p,O,21
356,377,ƒëƒ©a,O,21
357,378,d·ªØ,O,21
358,379,üòÇüòÇüòÇ,O,21
359,381,Du,O,22
360,382,h·ªçc,O,22
361,383,sinh,O,22
362,384,√öc,O,22
363,385,pewpew,O,22
364,387,N√≥i,O,23
365,388,c√°i,O,23
366,389,g√¨,O,23
367,390,v·∫≠y,O,23
368,391,m√†,O,23
369,392,c·ª©,O,23
370,393,nghe,O,23
371,394,ƒë·ª•,B-T,23
372,395,m√°,I-T,23
373,396,ƒë·ª•,I-T,23
374,397,cha,I-T,23
375,398,vs,O,23
376,399,v√†ng,O,23
377,401,C√≥,O,24
378,402,ai,O,24
379,403,th·∫•y,O,24
380,404,kh√°,O,24
381,405,gi·ªëng,O,24
382,406,ƒë·∫ßu,O,24
383,407,c·ªßa,O,24
384,408,Jadon,O,24
385,409,Sancho,O,24
386,410,ko,O,24
387,411,nh·ªâ,O,24
388,412,?,O,24
389,414,Kh√°nh,O,25
390,415,Con,O,25
391,416,Sao,O,25
392,417,Ko,O,25
393,418,l·∫•y,O,25
394,419,s·ªë,O,25
395,420,ng∆∞·ªùi,O,25
396,421,ch·∫øt,B-T,25
397,422,c·ªßa,O,25
398,423,√ù,O,25
399,424,ra,O,25
400,425,nh·ªâ,O,25
401,426,.,O,25
402,427,√ù,O,25
403,428,c≈©ng,O,25
404,429,l√†,O,25
405,430,ch√¢u,O,25
406,431,√Çu,O,25
407,432,ƒë√≥,O,25
408,433,.,O,25
409,434,Hi,B-T,25
410,435,sinh,I-T,25
411,436,ng∆∞·ªùi,I-T,25
412,437,ch·∫øt,I-T,25
413,438,v·ª´a,O,25
414,439,l√†m,O,25
415,440,tƒÉng,O,25
416,441,mi·ªÖn,O,25
417,442,d·ªãch,O,25
418,443,c·ªông,O,25
419,444,ƒë·ªìng,O,25
420,445,v·ª´a,O,25
421,446,cho,B-T,25
422,447,ƒë·ª°,I-T,25
423,448,ch·∫≠t,I-T,25
424,449,ƒë·∫•t,I-T,25
425,450,.,O,25
426,451,C√°ch,O,25
427,452,l√†m,O,25
428,453,c·ªßa,O,25
429,454,T√¢y,O,25
430,455,hay,O,25
431,456,th·∫≠t,O,25
432,457,ta,O,25
433,458,∆°i,O,25
434,459,üòå,O,25
435,461,Nh·ªãn,O,26
436,462,n√≥i,O,26
437,463,s·∫Ω,O,26
438,464,b·ªõt,O,26
439,465,ngu,B-T,26
440,466,ch√∫,O,26
441,467,·∫°.hi,O,26
442,469,Qu·∫£ng,O,27
443,470,Nam,O,27
444,471,l·∫°i,O,27
445,472,th√™m,O,27
446,473,1ca,O,27
447,474,n·ªØa,O,27
448,475,·∫°,O,27
449,477,ƒê√∫ng,O,28
450,478,l√†,O,28
451,479,con,O,28
452,480,ng∆∞·ªùi,O,28
453,481,m√†y,O,28
454,482,kh√¥ng,B-T,28
455,483,c√≥,I-T,28
456,484,√Ω,I-T,28
457,485,th·ª©c,I-T,28
458,486,d√¢n,O,28
459,487,vi·ªát,O,28
460,488,nam,O,28
461,489,ch√∫ng,O,28
462,490,ta,O,28
463,491,kh√¥ng,O,28
464,492,bao,O,28
465,493,gi·ªù,O,28
466,494,con,O,28
467,495,cho,O,28
468,496,c√°i,O,28
469,497,?,O,28
470,499,T√™n,O,29
471,500,b√†i,O,29
472,501,h√°t,O,29
473,502,c√≤n,O,29
474,503,tr·∫ª,B-T,29
475,504,tr√¢u,I-T,29
476,505,h∆°n,O,29
477,506,c·∫£,O,29
478,507,t,O,29
479,508,nh√©,O,29
480,509,!,O,29
481,510,C∆∞·ªùi,O,29
482,511,vl,B-T,29
483,512,üòÅ,O,29
484,514,B√°,O,30
485,515,√Ω,O,30
486,516,kh·∫©u,B-T,30
487,517,nghi·ªáp,I-T,30
488,518,n·∫∑ng,O,30
489,519,l·∫Øm,O,30
490,520,nha,O,30
491,521,",",O,30
492,522,ƒë·∫ßu,B-T,30
493,523,thai,I-T,30
494,524,ch,O,30
495,525,h·∫øt,O,30
496,526,kh·∫©u,B-T,30
497,527,nghi·ªáp,I-T,30
498,528,nx,O,30
499,530,K,O,31
500,531,ICM,O,31
501,532,l√†m,O,31
502,533,ca,O,31
503,534,sƒ©,O,31
504,535,lu√¥n,O,31
505,536,r·ªìi,O,31
506,537,√†,O,31
507,538,üò¢üò¢üò¢,O,31
508,540,Th√¥i,O,32
509,541,ch·∫øt,B-T,32
510,542,m·∫π,I-T,32
511,543,",",O,32
512,544,h√¥m,O,32
513,545,n·ªç,O,32
514,546,th√¨,O,32
515,547,con,B-T,32
516,548,m·∫π,I-T,32
517,549,n·∫•m,O,32
518,550,th·ªëi,B-T,32
519,551,k√™u,O,32
520,552,g√†o,O,32
521,553,√¥ng,O,32
522,554,trum,O,32
523,555,√¥ng,O,32
524,556,v·∫°i,O,32
525,557,n√†y,O,32
526,558,n·ªç,O,32
527,559,",",O,32
528,560,gi·ªù,O,32
529,561,l·∫°i,O,32
530,562,ƒë·∫øn,O,32
531,563,idol,O,32
532,564,tr·∫ßn,O,32
533,565,d·∫ßn,O,32
534,566,.,O,32
535,567,ƒêang,O,32
536,568,t·ª±,O,32
537,569,h·ªèi,O,32
538,570,",",O,32
539,571,kh√¥ng,O,32
540,572,bi·∫øt,O,32
541,573,con,B-T,32
542,574,m·∫π,I-T,32
543,575,n·∫•m,O,32
544,576,th·ªëi,B-T,32
545,577,c√≥,O,32
546,578,ph·∫£i,O,32
547,579,l√†,O,32
548,580,c·ªông,B-T,32
549,581,s·∫£n,I-T,32
550,582,n·∫±m,I-T,32
551,583,v√πng,I-T,32
552,584,kh√¥ng,O,32
553,585,?,O,32
554,587,H·∫£i,O,33
555,588,Y·∫øn,O,33
556,589,b·ªë,O,33
557,590,con,B-T,33
558,591,th·∫ßn,I-T,33
559,592,kinh,I-T,33
560,593,",",O,33
561,594,th·ªü,B-T,33
562,595,ra,I-T,33
563,596,c√°i,I-T,33
564,597,l√†,I-T,33
565,598,th·∫•y,I-T,33
566,599,m√πi,I-T,33
567,600,r·ªìi,O,33
568,602,cho,O,34
569,603,n√≥,B-T,34
570,604,r√≠t,O,34
571,605,v√†i,O,34
572,606,bi,B-T,34
573,607,c·∫ßn,I-T,34
574,608,l√†,O,34
575,609,n√≥,B-T,34
576,610,ngoan,O,34
577,611,vl,B-T,34
578,612,lu√¥n,O,34
579,614,Nghƒ©,O,35
580,615,n√≥,O,35
581,616,ch√°n,O,35
582,617,.,O,35
583,618,ü§î,O,35
584,620,m√∫a,O,36
585,621,nh∆∞,O,36
586,622,c√°i,O,36
587,623,bi·ªát,O,36
588,624,danh,O,36
589,625,Susan,O,36
590,626,:,O,36
591,627,Ch√≥,B-T,36
592,628,:,O,36
593,629,),O,36
594,630,),O,36
595,632,T·∫∑ng,O,37
596,633,cho,O,37
597,634,nh·ªØng,B-T,37
598,635,con,I-T,37
599,636,b√≤,I-T,37
600,637,th√≠ch,O,37
601,638,l√†m,O,37
602,639,theo,O,37
603,640,v√†,O,37
604,641,h·ªçc,O,37
605,642,t·∫≠p,O,37
606,643,theo,O,37
607,644,.,O,37
608,645,ü§£ü§£,O,37
609,647, ö√∂…ûPhong,O,38
610,648,Tr·∫ßn,O,38
611,649, ö√∂…û,O,38
612,650,ƒêo√†n,O,38
613,651,Ch√≠nh,O,38
614,652,Park,O,38
615,653,Huyn,O,38
616,654,Phong,O,38
617,655,T·∫•n,O,38
618,656,ƒê·ªìng,O,38
619,657,qu√™,O,38
620,658,ta,O,38
621,659,g·ªçi,O,38
622,660,l√†,O,38
623,661,g√¨,O,38
624,662,üòÇüòÇ,O,38
625,664,Ko,O,39
626,665,ph·∫£i,O,39
627,666,ch√™,O,39
628,667,g√¨,O,39
629,668,ch·ª©,O,39
630,669,kh·∫£,O,39
631,670,nƒÉng,O,39
632,671,win,O,39
633,672,c·ªßa,O,39
634,673,sbtc,O,39
635,674,qu√°,O,39
636,675,cao,O,39
637,676,.,O,39
638,677,Sela,O,39
639,678,kidz,O,39
640,679,clear,O,39
641,680,vs,O,39
642,681,petland,O,39
643,682,to√†n,O,39
644,683,nh·ªØng,O,39
645,684,thanh,O,39
646,685,ni√™n,O,39
647,686,chuy√™n,O,39
648,687,nghi·ªáp,O,39
649,688,try,O,39
650,689,hard,O,39
651,690,vkl,B-T,39
652,691,sao,O,39
653,692,nh·ªØng,O,39
654,693,"""",O,39
655,694,√¥ng,B-T,39
656,695,gi√†,I-T,39
657,696,"""",O,39
658,697,b√™n,O,39
659,698,kia,O,39
660,699,ch∆°i,O,39
661,700,l·∫°i,O,39
662,701,.,O,39
663,702,C√≤n,O,39
664,703,th·∫ßy,O,39
665,704,l·ªìn,B-T,39
666,705,th√¨,O,39
667,706,t,B-T,39
668,707,xin,O,39
669,708,m·∫°ng,O,39
670,709,ph√©p,O,39
671,710,b·ªè,O,39
672,711,qua,O,39
673,712,ko,O,39
674,713,n√≥i,O,39
675,714,t·ªõi,O,39
676,715,coi,O,39
677,716,nh∆∞,O,39
678,717,sbtc,O,39
679,718,4,B-T,39
680,719,ƒë√°nh,I-T,39
681,720,6,I-T,39
682,722,Thu·ª≥,O,40
683,723,Trang,O,40
684,724,nghe,O,40
685,725,ch∆∞a,O,40
686,726,dc,O,40
687,727,15s,O,40
688,728,t·∫Øt,O,40
689,729,cmnr,B-T,40
690,730,nh·∫°c,B-T,40
691,731,vs,I-T,40
692,732,nh·∫Ωo,I-T,40
693,734,L√†o,O,41
694,735,gi·ªù,O,41
695,736,g·∫ßn,O,41
696,737,nh∆∞,O,41
697,738,l√†,O,41
698,739,c·ªßa,O,41
699,740,T√†u,B-T,41
700,741,kh·ª±a,I-T,41
701,742,r·ªìi,O,41
702,743,th·∫±ng,B-T,41
703,744,ad,O,41
704,745,ngu,B-T,41
705,746,·∫°,O,41
706,747,.,O,41
707,748,·ª¶ng,O,41
708,749,h·ªô,O,41
709,750,c√°i,O,41
710,751,m·ªì,B-T,41
711,752,t·ªï,I-T,41
712,753,cha,I-T,41
713,754,m√†y,I-T,41
714,755,.,O,41
715,757,Ngay,O,42
716,758,b√™n,O,42
717,759,c·∫°nh,O,42
718,760,c√≤n,O,42
719,761,th·∫•y,O,42
720,762,codon,O,42
721,763,n·ªØa,O,42
722,764,n√≥i,O,42
723,765,g√¨,O,42
724,766,y√™u,O,42
725,767,xaaa,O,42
726,768,üòû,O,42
727,770,ƒë∆∞·ª£c,O,43
728,771,anh,O,43
729,772,ey,O,43
730,773,:,O,43
731,774,),O,43
732,775,),O,43
733,777,Gi·ªù,O,44
734,778,n√†y,O,44
735,779,ngta,O,44
736,780,ng·ªß,O,44
737,781,h·∫øt,O,44
738,782,r,O,44
739,783,th·∫ßy,O,44
740,784,∆°i,O,44
741,785,.,O,44
742,786,Ai,O,44
743,787,ng·ªß,O,44
744,788,r·ªìi,O,44
745,789,ƒëi·ªÉm,O,44
746,790,danh,O,44
747,791,ph√°t,O,44
748,793,may,O,45
749,794,l·∫°i,O,45
750,795,c√≥,O,45
751,796,r,O,45
752,798,Quang,O,46
753,799,Minh,O,46
754,800,c√°i,O,46
755,801,l·ªìn,B-T,46
756,802,m√°,I-T,46
757,804,vl,B-T,47
758,805,:,O,47
759,806,),O,47
760,807,),O,47
761,808,handsome,O,47
762,809,boy,O,47
763,811,Song,O,48
764,812,tr√™n,O,48
765,813,doi,O,48
766,814,ng∆∞·ªùi,O,48
767,815,ta,O,48
768,816,dam,O,48
769,817,ƒÉn,O,48
770,818,d√°m,O,48
771,819,noi,O,48
772,820,con,O,48
773,821,ng∆∞·ªùi,O,48
774,822,th·∫≥ng,O,48
775,823,th·∫Øn,O,48
776,824,.,O,48
777,825,Con,O,48
778,826,h∆°n,O,48
779,827,m·∫•y,O,48
780,828,con,B-T,48
781,829,m∆∞·ª£n,O,48
782,830,danh,O,48
783,831,ƒë·∫°o,O,48
784,832,t·∫°o,O,48
785,833,danh,O,48
786,834,ƒë·ªùi,O,48
787,835,ƒë·ªì,O,48
788,836,gi·∫£,O,48
789,837,t·∫°o,O,48
790,838,nh√¨n,O,48
791,839,l√†,O,48
792,840,bi·∫øt,O,48
793,841,ch·ªâ,O,48
794,842,do,O,48
795,843,1so,O,48
796,844,con,O,48
797,845,ko,O,48
798,846,th·∫•y,O,48
799,847,ƒë√¥g,O,48
800,848,c·ª©c,B-T,48
801,849,tr√™n,O,48
802,850,ƒë·∫ßu,O,48
803,851,m√¨nh,O,48
804,852,.,O,48
805,853,m·∫•y,O,48
806,854,con,B-T,48
807,855,di,I-T,48
808,856,ma,O,48
809,857,hay,O,48
810,858,soi,O,48
811,859,moi,O,48
812,860,ng∆∞·ªùi,O,48
813,861,ta,O,48
814,862,2019,O,48
815,863,r·ªìi,O,48
816,864,t·∫≠p,O,48
817,865,lam,O,48
818,866,con,O,48
819,867,ng∆∞·ªùi,O,48
820,868,l·∫°i,O,48
821,869,di,O,48
822,870,.,O,48
823,872,Ngu,B-T,49
824,873,th√¨,I-T,49
825,874,ch·∫øt,I-T,49
826,875,",",O,49
827,876,ƒë√¢u,O,49
828,877,ph·∫£i,O,49
829,878,ko,O,49
830,879,c√≥,O,49
831,880,suy,O,49
832,881,nghƒ©,O,49
833,882,ƒë√∫ng,O,49
834,883,sai,O,49
835,884,",",O,49
836,885,ch·ªâ,O,49
837,886,do,O,49
838,887,ko,B-T,49
839,888,c√≥,I-T,49
840,889,√Ω,I-T,49
841,890,th·ª©c,I-T,49
842,891,.,O,49
843,893,Ng·ªô,O,50
844,894,nghƒ©nh,O,50
845,895,nh·ªâüôÇ,O,50